{
  "project_info": {
    "project_number": "117128296443",
    "project_id": "tray-f7c18",
    "storage_bucket": "tray-f7c18.appspot.com"
  },
  "client": [
    {
      "client_info": {
        "mobilesdk_app_id": "1:117128296443:android:b7b186c0cafcb224273d5e",
        "android_client_info": {
          "package_name": "com.example.tray"
        }
      },
      "oauth_client": [
        {
          "client_id": "117128296443-l2songm7mi3efjs8l39hvdm8rb9t4rd8.apps.googleusercontent.com",
          "client_type": 3
        }
      ],
      "api_key": [
        {
          "current_key": "AIzaSyCjknQBnFOUXILim2JcmGiMfo9o2hXen-c"
        }
      ],
      "services": {
        "appinvite_service": {
          "other_platform_oauth_client": [
            {
              "client_id": "117128296443-l2songm7mi3efjs8l39hvdm8rb9t4rd8.apps.googleusercontent.com",
              "client_type": 3
            }
          ]
        }
      }
    }
  ],
  "configuration_version": "1"
}